sample_id	aiFA13:0	aiFA15:0	aiFA17:0	aiFA19:0	Branched	FA8:0	FA10:0	FA11:0	FA12:0	FA13:0	FA14:0	FA14:1n5	FA15:0	FA16:0	FA16:1n7	FA16:3n3	FA17:0	FA18:0	FA18:1n9	FA18:1n9T	FA18:2n6	FA18:2n6T	FA18:3n3	FA18:3n6	FA20:0	FA20:1n9	FA20:2n6	FA20:3n3	FA20:3n6	FA20:4n6	FA20:5n3	FA22:0	FA22:1n9	FA22:2n6	FA22:6n3	FA23:0	FA24:0	FA24:1n9	iFA13:0	iFA14:0	iFA15:0	iFA16:0	iFA17:0	iFA18:0	iFA19:0	iFA20:0	Lipid	Monounsaturated	Omega-3	Omega-6	Saturated	Trans	2,4-Xylose	2,5-Arabinose	2-Glucose	2-Mannose	2-Rhamnose	2-Xylose	3,4-Galactose	3,4-Xylose	3,5-Arabinose	3,6-Galactose	3,6-Glucose	3-Galactose	3-Glucose	4,6-Glucose	4,6-Mannose	4-Galactose	4-Glucose	4-Mannose	4-Rhamnose	4-Xylose	5-Arabinose	6-Galactose	6-Glucose	Allose	Apiose	Arabinose	Fibers	Fructose	Fucose	GalA	Galactose	GalN	GalNAc	GlcA	GlcN	GlcNAc	Glucose	Glycogen	IdoA	Mannose	Rhamnose	Ribose	Starch	Sugar and cellulose	T-Arabinose	T-Fucose	T-Galactose	T-Glucose	T-Mannose	T-Rhamnose	T-Xylose	Xylose	Aluminum	Arsenic	Barium	Beryllium	Boron	Cadmium	Calcium	Chromium	Cobalt	Copper	Iron	Lead	Lithium	Magnesium	Manganese	Minerals	Molybdenum	Nickel	Other Ash	Phosphorus	Potassium	Selenium	Sodium	Strontium	Sulfur	Tungsten	Vanadium	Zinc	Alanine	Arginine	Asparagine	Aspartic acid	Cysteine	Glutamic acid	Glutamine	Glycine	Histidine	Isoleucine	Leucine	Lysine	Methionine	Phenylalanine	Proline	Serine	Threonine	Tryptophan	Tyrosine	Valine	Ash	Carbohydrate	Protein	Water
GGB101520	0	0	0	0	0	0	0	0	0	0	0	0	0	0.014099	0	0	0	0	0.006507	0	0.041211	0	0.009761	0	0	0	0	0	0	0	0	0	0	0	0	0	0	0	0	0	0	0	0	0	0	0	0.071578	0.006507	0.009761	0.041211	0.014099	0	0.001789	0	0	0.001117	0.005726	0.003655	0	0.004143	0	0.020725	0.015172	0.003416	0	0.012515	0	0	0.063607	0.00193	0	0	0.019792	0	0.022048	3.25E-05	0.000239	0.039162	0.269426	0	0.001128	0.019359	0.033403	0.000455	0	0.001421	0.00295	0.000271	0.143362	0	0	0.003047	0.010466	0.001193	0	9.324178	0.01938	0	0.009262	0.03003	0	0.00475	0.00334	0.012927	2.56E-05	1.51E-07	1.32E-06	0	8E-05	3.26E-08	0.004045	0	4.16E-07	5.63E-05	0.000142	0	2.9E-06	0.016918	6.85E-05	0.238701	4.03E-06	3.68E-06	0.171245	0.015075	0.193043	7.84E-07	0.000958	1.59E-05	0.00796	0	3.34E-08	0.000259	0.075075	0.034034	0.031647	0.03388	0.007931	0.044429	0.031339	0.05313	0.01155	0.038269	0.07392	0.041888	0.014168	0.033726	0.045276	0.065681	0.053438	0.008085	0.018326	0.054208	0.409946	9.593603	0.770004	89.15487